num_training_step_calls_per_iteration,num_env_steps_sampled_lifetime,num_env_steps_sampled_lifetime_throughput,done,training_iteration,trial_id,date,timestamp,time_this_iter_s,time_total_s,pid,hostname,node_ip,time_since_restore,iterations_since_restore,timers/training_iteration,timers/restore_env_runners,timers/training_step,timers/env_runner_sampling_timer,timers/learner_update_timer,timers/synch_weights,env_runners/env_reset_timer,env_runners/episode_duration_sec_mean,env_runners/num_env_steps_sampled,env_runners/episode_return_min,env_runners/env_to_module_sum_episodes_length_in,env_runners/episode_return_max,env_runners/episode_len_max,env_runners/connector_pipeline_timer,env_runners/num_episodes,env_runners/env_step_timer,env_runners/episode_len_min,env_runners/sample,env_runners/rlmodule_inference_timer,env_runners/num_env_steps_sampled_lifetime,env_runners/episode_return_mean,env_runners/num_episodes_lifetime,env_runners/episode_len_mean,env_runners/env_to_module_sum_episodes_length_out,env_runners/weights_seq_no,env_runners/num_env_steps_sampled_lifetime_throughput,fault_tolerance/num_healthy_workers,fault_tolerance/num_remote_worker_restarts,env_runner_group/actor_manager_num_outstanding_async_reqs,perf/cpu_util_percent,perf/ram_util_percent,env_runners/num_agent_steps_sampled/agent_0,env_runners/num_agent_steps_sampled/agent_1,env_runners/module_to_env_connector/connector_pipeline_timer,env_runners/num_module_steps_sampled/shared_policy,env_runners/num_module_steps_sampled_lifetime/shared_policy,env_runners/env_to_module_connector/connector_pipeline_timer,env_runners/agent_episode_returns_mean/agent_1,env_runners/agent_episode_returns_mean/agent_0,env_runners/module_episode_returns_mean/shared_policy,env_runners/agent_steps/agent_1,env_runners/agent_steps/agent_0,env_runners/num_agent_steps_sampled_lifetime/agent_1,env_runners/num_agent_steps_sampled_lifetime/agent_0,learners/__all_modules__/learner_connector_sum_episodes_length_out,learners/__all_modules__/num_non_trainable_parameters,learners/__all_modules__/num_trainable_parameters,learners/__all_modules__/num_env_steps_trained,learners/__all_modules__/num_env_steps_trained_lifetime,learners/__all_modules__/num_module_steps_trained_lifetime,learners/__all_modules__/learner_connector_sum_episodes_length_in,learners/__all_modules__/num_module_steps_trained,learners/__all_modules__/num_env_steps_trained_lifetime_throughput,learners/shared_policy/diff_num_grad_updates_vs_sampler_policy,learners/shared_policy/num_trainable_parameters,learners/shared_policy/vf_loss,learners/shared_policy/weights_seq_no,learners/shared_policy/default_optimizer_learning_rate,learners/shared_policy/curr_kl_coeff,learners/shared_policy/gradients_default_optimizer_global_norm,learners/shared_policy/policy_loss,learners/shared_policy/vf_explained_var,learners/shared_policy/num_module_steps_trained_lifetime,learners/shared_policy/entropy,learners/shared_policy/curr_entropy_coeff,learners/shared_policy/mean_kl_loss,learners/shared_policy/module_train_batch_size_mean,learners/shared_policy/num_module_steps_trained,learners/shared_policy/vf_loss_unclipped,learners/shared_policy/total_loss,env_runners/timers/connectors/agent_to_module_mapping,env_runners/timers/connectors/add_states_from_episodes_to_batch,env_runners/timers/connectors/prev_actions_prev_rewards,env_runners/timers/connectors/add_time_dim_to_batch_and_zero_pad,env_runners/timers/connectors/batch_individual_items,env_runners/timers/connectors/add_observations_from_episodes_to_batch,env_runners/timers/connectors/flatten_observations,env_runners/timers/connectors/numpy_to_tensor,learners/__all_modules__/learner_connector/connector_pipeline_timer,env_runners/module_to_env_connector/timers/connectors/tensor_to_numpy,env_runners/module_to_env_connector/timers/connectors/get_actions,env_runners/module_to_env_connector/timers/connectors/un_batch_to_individual_items,env_runners/module_to_env_connector/timers/connectors/remove_single_ts_time_rank_from_batch,env_runners/module_to_env_connector/timers/connectors/module_to_agent_unmapping,env_runners/module_to_env_connector/timers/connectors/listify_data_for_vector_env,env_runners/module_to_env_connector/timers/connectors/normalize_and_clip_actions,env_runners/env_to_module_connector/timers/connectors/flatten_observations,env_runners/env_to_module_connector/timers/connectors/numpy_to_tensor,env_runners/env_to_module_connector/timers/connectors/batch_individual_items,env_runners/env_to_module_connector/timers/connectors/add_states_from_episodes_to_batch,env_runners/env_to_module_connector/timers/connectors/agent_to_module_mapping,env_runners/env_to_module_connector/timers/connectors/prev_actions_prev_rewards,env_runners/env_to_module_connector/timers/connectors/add_time_dim_to_batch_and_zero_pad,env_runners/env_to_module_connector/timers/connectors/add_observations_from_episodes_to_batch,learners/__all_modules__/learner_connector/timers/connectors/agent_to_module_mapping,learners/__all_modules__/learner_connector/timers/connectors/add_states_from_episodes_to_batch,learners/__all_modules__/learner_connector/timers/connectors/add_time_dim_to_batch_and_zero_pad,learners/__all_modules__/learner_connector/timers/connectors/add_one_ts_to_episodes_and_truncate,learners/__all_modules__/learner_connector/timers/connectors/add_observations_from_episodes_to_batch,learners/__all_modules__/learner_connector/timers/connectors/numpy_to_tensor,learners/__all_modules__/learner_connector/timers/connectors/general_advantage_estimation,learners/__all_modules__/learner_connector/timers/connectors/batch_individual_items,learners/__all_modules__/learner_connector/timers/connectors/add_columns_from_episodes_to_train_batch
1,4000,,False,1,d8504_00000,2025-06-04_21-56-02,1749066962,28.73029423,28.73029423,31952,GoonStation,127.0.0.1,28.73029423,1,28.7210778,1.75e-05,28.7208572,3.089863,25.6258522,0.0034165,0.0008556,0.068453108,4000,-110,25.84462649,98.9,50,0.0009424,83,9.54e-05,1,3.04412735,0.000160297,4000,-66.848,83,46.08,25.84462649,0,,2,0,0,36.48292683,51.80487805,4000,4000,0.000447999,8000,8000,0.000421137,-37.688,-29.16,-37.688,46.08,46.08,4000,4000,4000,0,70405,7660000,7660000,245120,4000,245120,,1,70405,8.828344345,1,5e-05,0.200000003,0.900629044,0.100446582,-0.017560363,245120,1.366699696,0,0.012316968,128,245120,357.6122742,8.931254387,9.9e-06,9.75e-06,0.0002811,1.51e-05,3.02e-05,2.88e-05,0.0002412,7.85e-05,0.5961698,6.31e-05,0.00021614,3.25e-05,1.84e-06,4.02e-06,1.15e-05,4.17e-05,9.32e-05,4.13e-05,2e-05,5.28e-06,5.34e-06,0.000146101,9.3e-06,1.99e-05,0.0104995,1.06e-05,3.67e-05,0.0199829,0.0018566,0.0234502,0.0941705,0.272269,0.1733695
1,8000,122.5718854,False,2,d8504_00000,2025-06-04_21-56-35,1749066995,32.60387707,61.3341713,31952,GoonStation,127.0.0.1,61.3341713,2,28.75983051,1.75e-05,28.759609,3.092663898,25.66181006,0.003410056,0.0008556,0.072570868,4000,-110,25.82459189,100.9,50,0.0009424,90,9.53e-05,1,3.044178899,0.000159962,8000,-67.528,173,46.08,25.82459189,1,122.5718854,2,0,0,41.58913043,66.25434783,4000,4000,0.000447455,8000,16000,0.000420919,-34.524,-33.004,-34.524,46.08,46.08,8000,8000,4000,0,70405,7676000,15336000,490752,4000,245632,0.0,1,70405,8.860717773,2,5e-05,0.200000003,0.810564458,0.097708486,0.014466882,490752,1.354124308,0,0.007074575,128,245632,418.034729,8.959842682,9.9e-06,9.75e-06,0.0002811,1.51e-05,3.02e-05,2.88e-05,0.0002412,7.85e-05,0.596159845,6.31e-05,0.00021576,3.25e-05,1.84e-06,4.02e-06,1.15e-05,4.17e-05,9.31e-05,4.12e-05,2e-05,5.28e-06,5.34e-06,0.000146048,9.29e-06,1.99e-05,0.010499298,1.06e-05,3.67e-05,0.019983108,0.001856631,0.023447991,0.094163025,0.272268971,0.173369241
1,12000,146.3485253,False,3,d8504_00000,2025-06-04_21-57-02,1749067022,27.30403519,88.63820648,31952,GoonStation,127.0.0.1,88.63820648,3,28.74519925,1.75e-05,28.7449765,3.096213176,25.64363315,0.003402696,0.0008556,0.076809714,4000,-110,25.80028126,98.9,50,0.0009424,84,9.57e-05,1,3.044298876,0.000160482,12000,-68.186,257,47.06,25.80028126,2,146.3485253,2,0,0,24.28974359,65.82820513,4000,4000,0.000448879,8000,24000,0.000422657,-31.962,-36.224,-31.962,47.06,47.06,12000,12000,4000,0,70405,7664000,23000000,736000,4000,245248,0.0,1,70405,8.76927948,3,5e-05,0.200000003,1.026734471,0.094731443,0.016053975,736000,1.309747219,0,0.017176362,128,245248,285.786499,8.867445946,9.9e-06,9.75e-06,0.0002811,1.51e-05,3.02e-05,2.88e-05,0.0002412,7.85e-05,0.596138864,6.32e-05,0.000216311,3.26e-05,1.84e-06,4.04e-06,1.15e-05,4.18e-05,9.36e-05,4.13e-05,2e-05,5.29e-06,5.36e-06,0.000146624,9.32e-06,2e-05,0.010498827,1.06e-05,3.67e-05,0.019983376,0.001856659,0.023443556,0.094147672,0.272267978,0.17336927
1,16000,142.7667812,False,4,d8504_00000,2025-06-04_21-57-30,1749067050,27.99304438,116.6312509,31952,GoonStation,127.0.0.1,116.6312509,4,28.73756708,1.75e-05,28.73734302,3.099292885,25.63288272,0.003427934,0.0008556,0.076710686,4000,-110,25.76802464,98.9,50,0.0009424,84,9.6e-05,1,3.044476717,0.000160718,16000,-63.306,341,47.06,25.76802464,3,142.7667812,2,0,0,27.87692308,65.58974359,4000,4000,0.00044963,8000,32000,0.00042383,-30.442,-32.864,-30.442,47.06,47.06,16000,16000,4000,0,70405,7664000,30664000,981248,4000,245248,0.0,1,70405,8.403260231,4,5e-05,0.200000003,1.5338732,0.126096725,0.032241642,981248,1.265041232,0,0.01293779,128,245248,171.3186951,8.531944275,9.9e-06,9.75e-06,0.0002811,1.51e-05,3.02e-05,2.88e-05,0.0002412,7.85e-05,0.596105941,6.34e-05,0.000216486,3.27e-05,1.85e-06,4.05e-06,1.16e-05,4.19e-05,9.4e-05,4.13e-05,2.01e-05,5.3e-06,5.37e-06,0.00014698,9.33e-06,2.01e-05,0.010498163,1.06e-05,3.67e-05,0.019983717,0.001856678,0.023436934,0.094124966,0.27226463,0.173369411
1,20000,79.58542329,False,5,d8504_00000,2025-06-04_21-58-20,1749067100,50.22899413,166.860245,31952,GoonStation,127.0.0.1,166.860245,5,28.95236055,1.75e-05,28.9521351,3.148651392,25.79830849,0.003432051,0.0008556,0.215855816,4000,-110,25.7314682,98.9,50,0.0009424,86,9.98e-05,1,3.045570137,0.000170815,20000,-60.026,427,47.06,25.7314682,4,79.58542329,2,0,0,90.03098592,85.68873239,4000,4000,0.000467608,8000,40000,0.000439453,-31.984,-28.042,-31.984,47.06,47.06,20000,20000,4000,0,70405,7668000,38332000,1226624,4000,245376,0.0,1,70405,8.066847801,5,5e-05,0.200000003,1.228042722,0.019254129,-0.049059987,1226624,1.224963546,0,0.009150214,128,245376,178.2518005,8.087931633,9.9e-06,9.75e-06,0.0002811,1.51e-05,3.02e-05,2.88e-05,0.0002412,7.85e-05,0.596119479,6.61e-05,0.00022504,3.39e-05,1.9e-06,4.23e-06,1.21e-05,4.33e-05,9.77e-05,4.32e-05,2.13e-05,5.43e-06,5.55e-06,0.000152431,9.69e-06,2.05e-05,0.010497963,1.06e-05,3.67e-05,0.019987235,0.001856908,0.023428254,0.094095604,0.272294272,0.173387879
1,24000,79.3286823,False,6,d8504_00000,2025-06-04_21-59-11,1749067151,50.29305959,217.1533046,31952,GoonStation,127.0.0.1,217.1533046,6,29.16568585,1.76e-05,29.16545242,3.175806008,25.98446917,0.003430372,0.0008556,0.118113876,4000,-110,25.68808409,98.9,50,0.0009424,86,0.000113644,1,3.047125838,0.000173123,24000,-55.666,513,47.06,25.68808409,5,79.3286823,2,0,0,58.54788732,89.96056338,4000,4000,0.000472952,8000,48000,0.000444637,-25.202,-30.464,-25.202,47.06,47.06,24000,24000,4000,0,70405,7668000,46000000,1472000,4000,245376,0.0,1,70405,8.301548004,6,5e-05,0.200000003,1.663428783,-0.043161903,0.028612554,1472000,1.154252172,0,0.009550075,128,245376,139.7408752,8.260295868,9.9e-06,9.75e-06,0.0002811,1.51e-05,3.02e-05,2.88e-05,0.0002412,7.85e-05,0.596146694,6.68e-05,0.000227826,3.43e-05,1.93e-06,4.28e-06,1.23e-05,4.38e-05,9.88e-05,4.37e-05,2.15e-05,5.49e-06,5.63e-06,0.000154357,9.85e-06,2.07e-05,0.010498112,1.06e-05,3.67e-05,0.01999183,0.001857291,0.023417501,0.09405932,0.272335701,0.173415673
1,28000,53.22998391,False,7,d8504_00000,2025-06-04_22-00-26,1749067226,75.11502552,292.2683301,31952,GoonStation,127.0.0.1,292.2683301,7,29.62510691,1.76e-05,29.62487208,3.183727921,26.43597142,0.003425499,0.0008556,0.093296988,4000,-110,25.64507434,100.9,50,0.0009424,82,0.000113918,1,3.048805636,0.000173957,28000,-52.982,595,49.02,25.64507434,6,53.22998391,2,0,0,40.25,90.62924528,4000,4000,0.000474796,8000,56000,0.000446701,-28.442,-24.54,-28.442,49.02,49.02,28000,28000,4000,0,70405,7660000,53660000,1717120,4000,245120,0.0,1,70405,8.174064636,7,5e-05,0.200000003,1.153148055,-0.025486961,0.000507534,1717120,1.056102276,0,0.013668672,128,245120,184.3110809,8.151311874,9.9e-06,9.75e-06,0.0002811,1.51e-05,3.02e-05,2.88e-05,0.0002412,7.85e-05,0.596172239,6.7e-05,0.000228719,3.44e-05,1.94e-06,4.3e-06,1.23e-05,4.4e-05,9.93e-05,4.39e-05,2.16e-05,5.52e-06,5.66e-06,0.000155132,9.9e-06,2.08e-05,0.010498032,1.06e-05,3.67e-05,0.019996668,0.001857663,0.023404724,0.094015821,0.2723821,0.173446084
1,32000,51.76749325,False,8,d8504_00000,2025-06-04_22-01-43,1749067303,77.23966312,369.5079932,31952,GoonStation,127.0.0.1,369.5079932,8,30.10118141,1.76e-05,30.10094543,3.191842881,26.90393197,0.003419825,0.0008556,0.079750684,4000,-110,25.59544966,100.9,50,0.0009424,96,0.000114207,1,3.050613111,0.000174677,32000,-28.558,691,41.18,25.59544966,7,51.76749325,2,0,0,40.0146789,91.36697248,4000,4000,0.000476588,8000,64000,0.000448437,-15.952,-12.606,-15.952,41.18,41.18,32000,32000,4000,0,70405,7684000,61344000,1963008,4000,245888,0.0,1,70405,8.217992783,8,5e-05,0.200000003,1.390215755,0.117356166,0.030098498,1963008,1.031465292,0,0.006552069,128,245888,209.3955536,8.336659431,9.9e-06,9.75e-06,0.0002811,1.51e-05,3.02e-05,2.88e-05,0.0002412,7.85e-05,0.596198682,6.72e-05,0.000229548,3.45e-05,1.94e-06,4.32e-06,1.24e-05,4.42e-05,9.97e-05,4.41e-05,2.16e-05,5.53e-06,5.68e-06,0.00015575,9.96e-06,2.09e-05,0.010497787,1.06e-05,3.67e-05,0.020001931,0.001858087,0.023389968,0.09396539,0.272436719,0.1734778
1,36000,57.29975706,False,9,d8504_00000,2025-06-04_22-02-53,1749067373,69.7776897,439.2856829,31952,GoonStation,127.0.0.1,439.2856829,9,30.49786045,1.76e-05,30.4976234,3.199019543,27.29343873,0.003408676,0.0008556,0.081386996,4000,-108,25.54533264,200.0,50,0.0009424,87,0.000114447,1,3.052524168,0.000175278,36000,-29.812,778,43.14,25.54533264,8,57.29975706,2,0,0,40.72222222,90.31515152,4000,4000,0.000478042,8000,72000,0.000450045,-18.108,-11.704,-18.108,43.14,43.14,36000,36000,4000,0,70405,7668000,69012000,2208384,4000,245376,0.0,1,70405,7.999538422,9,5e-05,0.200000003,1.273416162,0.140512243,0.116769135,2208384,0.947431326,0,0.011891064,128,245376,213.0757904,8.142429352,9.9e-06,9.75e-06,0.0002811,1.51e-05,3.02e-05,2.88e-05,0.0002412,7.85e-05,0.596219262,6.74e-05,0.000230255,3.46e-05,1.95e-06,4.35e-06,1.25e-05,4.43e-05,0.0001,4.42e-05,2.17e-05,5.55e-06,5.7e-06,0.000156354,1e-05,2.1e-05,0.010497266,1.06e-05,3.67e-05,0.020007673,0.001858507,0.023373257,0.093908504,0.27249257,0.173510659
1,40000,58.78413393,False,10,d8504_00000,2025-06-04_22-04-01,1749067441,68.01667666,507.3023596,31952,GoonStation,127.0.0.1,507.3023596,10,30.87296835,1.76e-05,30.87273062,3.205917607,27.66165958,0.003397874,0.0008556,0.088526068,4000,-110,25.50150972,98.9,50,0.0009424,86,0.000114784,1,3.054531788,0.00017616,40000,-35.426,864,47.06,25.50150972,9,58.78413393,2,0,0,42.93958333,86.75833333,4000,4000,0.000479791,8000,80000,0.000452097,-20.464,-14.962,-20.464,47.06,47.06,40000,40000,4000,0,70405,7668000,76680000,2453760,4000,245376,0.0,1,70405,7.934167385,10,5e-05,0.200000003,2.510555983,-0.059269186,-0.756632924,2453760,0.80859971,0,0.010659698,128,245376,114.9244919,7.877030373,9.9e-06,9.75e-06,0.0002811,1.51e-05,3.02e-05,2.88e-05,0.0002412,7.85e-05,0.596233875,6.76e-05,0.000231179,3.48e-05,1.96e-06,4.37e-06,1.25e-05,4.45e-05,0.000100433,4.45e-05,2.18e-05,5.56e-06,5.73e-06,0.000157091,1.01e-05,2.1e-05,0.010496555,1.06e-05,3.67e-05,0.020014127,0.001858972,0.023354614,0.093844916,0.272548866,0.173545193
1,44000,64.98210006,False,11,d8504_00000,2025-06-04_22-05-03,1749067503,61.4595294,568.761889,31952,GoonStation,127.0.0.1,568.761889,11,31.17875836,1.75e-05,31.17851981,3.212243153,27.96112455,0.003393445,0.0008556,0.081959974,4000,-110,25.47075699,100.9,50,0.0009424,91,0.000114875,1,3.056622989,0.000176577,44000,-28.59,955,45.1,25.47075699,10,64.98210006,2,0,0,38.27701149,85.52528736,4000,4000,0.0004806,8000,88000,0.000453177,-13.082,-15.508,-13.082,45.1,45.1,44000,44000,4000,0,70405,7676000,84356000,2699392,4000,245632,0.0,1,70405,7.952674389,11,5e-05,0.200000003,1.284250379,-0.059561171,0.179987013,2699392,0.734635115,0,0.007459058,128,245632,182.4783478,7.89460516,9.9e-06,9.75e-06,0.0002811,1.51e-05,3.02e-05,2.88e-05,0.0002412,7.85e-05,0.596242335,6.77e-05,0.000231527,3.49e-05,1.96e-06,4.38e-06,1.25e-05,4.46e-05,0.000100672,4.45e-05,2.18e-05,5.57e-06,5.74e-06,0.00015749,1.01e-05,2.11e-05,0.010495629,1.06e-05,3.67e-05,0.020020771,0.001859477,0.023334094,0.093774859,0.272604721,0.173582352
1,48000,47.22940079,False,12,d8504_00000,2025-06-04_22-06-27,1749067587,84.66552544,653.4274144,31952,GoonStation,127.0.0.1,653.4274144,12,31.71353534,1.75e-05,31.71329471,3.218245844,28.48989621,0.003392028,0.0008556,0.08380215,4000,-110,25.44587014,100.9,50,0.0009424,88,0.000115016,1,3.058785269,0.000177217,48000,-30.648,1043,46.08,25.44587014,11,47.22940079,2,0,0,37.19,85.26833333,4000,4000,0.000482209,8000,96000,0.000454827,-23.826,-6.822,-23.826,46.08,46.08,48000,48000,4000,0,70405,7672000,92028000,2944896,4000,245504,0.0,1,70405,7.585961819,12,5e-05,0.100000001,6.001997471,0.135420814,-1.0,2944896,0.730250418,0,0.004872194,128,245504,208.7765961,7.722356796,9.9e-06,9.75e-06,0.0002811,1.51e-05,3.02e-05,2.88e-05,0.0002412,7.85e-05,0.596244246,6.79e-05,0.000232172,3.5e-05,1.97e-06,4.4e-06,1.26e-05,4.48e-05,0.000101017,4.46e-05,2.19e-05,5.61e-06,5.76e-06,0.000158065,1.01e-05,2.11e-05,0.01049454,1.06e-05,3.67e-05,0.020027593,0.001860018,0.023311738,0.093698561,0.272660893,0.173620693
1,52000,40.55715797,False,13,d8504_00000,2025-06-04_22-08-06,1749067686,98.59432387,752.0217383,31952,GoonStation,127.0.0.1,752.0217383,13,32.38225623,1.75e-05,32.3820126,3.227513576,29.14935274,0.00338569,0.0008556,0.087890126,4000,-110,25.4120665,100.9,50,0.0009424,91,0.000115655,1,3.06108062,0.000178719,52000,-14.354,1134,43.14,25.4120665,12,40.55715797,2,0,0,42.18992806,83.90935252,4000,4000,0.000485325,8000,104000,0.000457895,-2.682,-11.672,-2.682,43.14,43.14,52000,52000,4000,0,70405,7676000,99704000,3190528,4000,245632,0.0,1,70405,7.264276505,13,5e-05,0.100000001,1.706699491,0.033587422,0.148764908,3190528,0.599959791,0,0.011964222,128,245632,164.663208,7.299060345,9.9e-06,9.75e-06,0.0002811,1.51e-05,3.02e-05,2.88e-05,0.0002412,7.85e-05,0.596243732,6.82e-05,0.000233944,3.52e-05,1.99e-06,4.42e-06,1.27e-05,4.51e-05,0.000101606,4.5e-05,2.21e-05,5.63e-06,5.81e-06,0.000159198,1.02e-05,2.13e-05,0.010493365,1.06e-05,3.67e-05,0.020035014,0.001860576,0.023287591,0.093616254,0.272720172,0.173660792
1,56000,38.67994716,False,14,d8504_00000,2025-06-04_22-09-49,1749067789,103.3862245,855.4079628,31952,GoonStation,127.0.0.1,855.4079628,14,33.09220423,1.75e-05,33.0919594,3.233351703,29.85346144,0.003381084,0.0008556,0.078456016,4000,-110,25.37904188,200.0,50,0.0009424,91,0.000115853,1,3.063443627,0.000179262,56000,-4.412,1225,43.14,25.37904188,13,38.67994716,2,0,0,39.66598639,83.85782313,4000,4000,0.000486521,8000,112000,0.000459171,-7.89,3.478,-7.89,43.14,43.14,56000,56000,4000,0,70405,7676000,107380000,3436160,4000,245632,0.0,1,70405,7.592526913,14,5e-05,0.100000001,2.096271992,-0.069317997,0.116276503,3436160,0.572712958,0,0.007650239,128,245632,169.6425323,7.523973465,9.9e-06,9.75e-06,0.0002811,1.51e-05,3.02e-05,2.88e-05,0.0002412,7.85e-05,0.596236862,6.84e-05,0.00023451,3.53e-05,1.99e-06,4.44e-06,1.27e-05,4.52e-05,0.00010186,4.51e-05,2.21e-05,5.64e-06,5.82e-06,0.000159697,1.03e-05,2.13e-05,0.01049205,1.06e-05,3.66e-05,0.02004264,0.001861157,0.023261711,0.09352787,0.272779514,0.173702216
1,60000,38.51884409,False,15,d8504_00000,2025-06-04_22-11-33,1749067893,103.815552,959.2235148,31952,GoonStation,127.0.0.1,959.2235148,15,33.79936446,1.74e-05,33.79911819,3.240940907,30.55303646,0.003373878,0.0008556,0.092334034,4000,-110,25.34760306,100.9,50,0.0009424,84,0.000116026,1,3.065909335,0.000179707,60000,-24.644,1309,48.04,25.34760306,14,38.51884409,2,0,0,39.08979592,84.33741497,4000,4000,0.000487561,8000,120000,0.000460386,-12.724,-11.92,-12.724,48.04,48.04,60000,60000,4000,0,70405,7664000,115044000,3681408,4000,245248,0.0,1,70405,7.437024593,15,5e-05,0.100000001,2.882660866,0.059386194,0.13102293,3681408,0.567144215,0,0.005739265,128,245248,177.7015076,7.496984482,9.9e-06,9.75e-06,0.0002811,1.51e-05,3.02e-05,2.88e-05,0.0002412,7.85e-05,0.596224955,6.86e-05,0.000234961,3.54e-05,2e-06,4.45e-06,1.28e-05,4.53e-05,0.000102115,4.52e-05,2.22e-05,5.66e-06,5.84e-06,0.000160161,1.03e-05,2.14e-05,0.010490546,1.06e-05,3.66e-05,0.020050348,0.001861773,0.02323409,0.093433498,0.272839768,0.173745513
1,64000,50.43911467,False,16,d8504_00000,2025-06-04_22-12-53,1749067973,79.20727587,1038.430791,31952,GoonStation,127.0.0.1,1038.430791,16,34.25335429,1.74e-05,34.25310739,3.247373309,31.00060113,0.003366856,0.0008556,0.08227298,4000,-110,25.33007964,100.9,50,0.0009424,92,0.000116196,1,3.06845264,0.000180086,64000,-15.132,1401,44.12,25.33007964,15,50.43911467,2,0,0,37.975,84.86428571,4000,4000,0.000488607,8000,128000,0.000461675,-15.372,0.24,-15.372,44.12,44.12,64000,64000,4000,0,70405,7680000,122724000,3927168,4000,245760,0.0,1,70405,7.396565437,16,5e-05,0.100000001,2.601378202,0.00910983,0.174017847,3927168,0.569844246,0,0.007310369,128,245760,198.2680969,7.406406403,9.9e-06,9.75e-06,0.0002811,1.51e-05,3.02e-05,2.88e-05,0.0002412,7.85e-05,0.596205836,6.87e-05,0.000235408,3.54e-05,2.01e-06,4.46e-06,1.28e-05,4.54e-05,0.000102412,4.53e-05,2.22e-05,5.67e-06,5.85e-06,0.000160632,1.03e-05,2.14e-05,0.010488843,1.06e-05,3.66e-05,0.020058489,0.00186247,0.023204789,0.093332979,0.272899237,0.173789912
1,68000,50.77832212,False,17,d8504_00000,2025-06-04_22-14-11,1749068051,78.74405146,1117.174842,31952,GoonStation,127.0.0.1,1117.174842,17,34.6981736,1.73e-05,34.69792619,3.253975959,31.43882463,0.003359281,0.0008556,0.08878178,4000,-110,25.30632637,98.9,50,0.0009424,85,0.00011642,1,3.071074324,0.000180864,68000,-27.164,1486,48.04,25.30632637,16,50.77832212,2,0,0,38.26036036,84.6972973,4000,4000,0.000490135,8000,136000,0.000462968,-9.4,-17.764,-9.4,48.04,48.04,68000,68000,4000,0,70405,7664000,130388000,4172416,4000,245248,0.0,1,70405,6.342526913,17,5e-05,0.100000001,2.528688908,-0.174274504,0.136225104,4172416,0.546956599,0,0.006532486,128,245248,227.0005493,6.168905735,9.9e-06,9.75e-06,0.0002811,1.51e-05,3.02e-05,2.88e-05,0.0002412,7.85e-05,0.596183426,6.89e-05,0.000236257,3.55e-05,2.01e-06,4.48e-06,1.29e-05,4.56e-05,0.000102665,4.54e-05,2.23e-05,5.68e-06,5.87e-06,0.000161127,1.04e-05,2.15e-05,0.010486957,1.06e-05,3.66e-05,0.020067349,0.001863193,0.023173846,0.093228563,0.272958928,0.173835785
1,72000,69.82824143,False,18,d8504_00000,2025-06-04_22-15-09,1749068109,57.25700665,1174.431849,31952,GoonStation,127.0.0.1,1174.431849,18,34.92366317,1.73e-05,34.92341454,3.26207161,31.6561881,0.003363766,0.0008556,0.082437,4000,-110,25.27008783,200.0,50,0.0009424,90,0.000116481,1,3.073781343,0.000181186,72000,-15.008,1576,45.1,25.27008783,17,69.82824143,2,0,0,44.82345679,85.64197531,4000,4000,0.00049095,8000,144000,0.000463836,-7.464,-7.544,-7.464,45.1,45.1,72000,72000,4000,0,70405,7676000,138064000,4418048,4000,245632,0.0,1,70405,7.098072529,18,5e-05,0.100000001,3.886449337,-0.085970275,0.108216465,4418048,0.531849623,0,0.007306124,128,245632,232.1136932,7.012832642,9.9e-06,9.75e-06,0.0002811,1.51e-05,3.02e-05,2.88e-05,0.0002412,7.85e-05,0.596153928,6.9e-05,0.000236736,3.56e-05,2.02e-06,4.49e-06,1.29e-05,4.56e-05,0.000102863,4.55e-05,2.23e-05,5.69e-06,5.89e-06,0.000161418,1.04e-05,2.15e-05,0.010484919,1.06e-05,3.66e-05,0.020076619,0.001863953,0.023141277,0.093118258,0.273018461,0.173881965
1,76000,130.6762637,False,19,d8504_00000,2025-06-04_22-15-39,1749068139,30.57630825,1205.008157,31952,GoonStation,127.0.0.1,1205.008157,19,34.88011191,1.73e-05,34.87986155,3.272540289,31.60217425,0.003354256,0.0008556,0.091094214,4000,-110,25.2332764,100.9,50,0.0009424,90,0.000116529,1,3.076625083,0.000181715,76000,-12.812,1666,44.12,25.2332764,18,130.6762637,2,0,0,42.8744186,91.44883721,4000,4000,0.000491901,8000,152000,0.00046448,-10.43,-2.382,-10.43,44.12,44.12,76000,76000,4000,0,70405,7676000,145740000,4663680,4000,245632,0.0,1,70405,6.764278889,19,5e-05,0.050000001,2.415290356,0.012157917,0.048864722,4663680,0.540406108,0,0.004675509,128,245632,169.9840088,6.776904106,9.9e-06,9.75e-06,0.0002811,1.51e-05,3.02e-05,2.88e-05,0.0002412,7.85e-05,0.596113129,6.91e-05,0.000237354,3.56e-05,2.02e-06,4.49e-06,1.29e-05,4.57e-05,0.000102974,4.56e-05,2.23e-05,5.68e-06,5.9e-06,0.000161675,1.04e-05,2.16e-05,0.010482642,1.06e-05,3.66e-05,0.020085852,0.001864738,0.023107128,0.093002112,0.273075208,0.173927305
1,80000,134.9452262,False,20,d8504_00000,2025-06-04_22-16-09,1749068169,29.61284137,1234.620998,31952,GoonStation,127.0.0.1,1234.620998,20,34.8273536,1.73e-05,34.82710275,3.279272248,31.54268628,0.003347294,0.0008556,0.093984948,4000,-110,25.1994301,100.9,50,0.0009424,84,0.000116737,1,3.079547652,0.000182513,80000,-16.004,1750,48.04,25.1994301,19,134.9452262,2,0,0,35.00238095,91.17380952,4000,4000,0.00049354,8000,160000,0.000465893,-14.204,-1.8,-14.204,48.04,48.04,80000,80000,4000,0,70405,7664000,153404000,4908928,4000,245248,0.0,1,70405,7.103804588,20,5e-05,0.025,2.737365723,-0.113591172,0.134225965,4908928,0.483864158,0,0.004368305,128,245248,252.1854706,6.990431309,9.9e-06,9.75e-06,0.0002811,1.51e-05,3.02e-05,2.88e-05,0.0002412,7.85e-05,0.596066221,6.93e-05,0.000238307,3.57e-05,2.03e-06,4.51e-06,1.29e-05,4.59e-05,0.000103206,4.59e-05,2.24e-05,5.69e-06,5.92e-06,0.000162217,1.05e-05,2.16e-05,0.010480181,1.06e-05,3.66e-05,0.020094905,0.001865527,0.023071468,0.092880435,0.273133286,0.173972622
1,84000,132.6552897,False,21,d8504_00000,2025-06-04_22-16-39,1749068199,30.05202889,1264.673027,31952,GoonStation,127.0.0.1,1264.673027,21,34.77952976,1.72e-05,34.77927793,3.283993476,31.49014639,0.003340195,0.0008556,0.082172044,4000,-110,25.1702923,98.9,50,0.0009424,88,0.000116883,1,3.082504269,0.000182778,84000,-17.408,1838,46.08,25.1702923,20,132.6552897,2,0,0,35.85116279,90.21162791,4000,4000,0.000494421,8000,168000,0.000467095,-9.444,-7.964,-9.444,46.08,46.08,84000,84000,4000,0,70405,7672000,161076000,5154432,4000,245504,0.0,1,70405,6.77530241,21,5e-05,0.025,3.544841051,-0.029201308,0.239273548,5154432,0.501650631,0,0.009954567,128,245504,163.062149,6.746349812,9.9e-06,9.75e-06,0.0002811,1.51e-05,3.02e-05,2.88e-05,0.0002412,7.85e-05,0.596008921,6.94e-05,0.000238626,3.58e-05,2.04e-06,4.52e-06,1.3e-05,4.6e-05,0.000103508,4.59e-05,2.24e-05,5.71e-06,5.93e-06,0.000162634,1.05e-05,2.17e-05,0.010477486,1.06e-05,3.66e-05,0.020104365,0.001866311,0.023034291,0.092753181,0.273188468,0.17401739
1,88000,135.4098667,False,22,d8504_00000,2025-06-04_22-17-09,1749068229,29.51556158,1294.188589,31952,GoonStation,127.0.0.1,1294.188589,22,34.72680793,1.72e-05,34.72655468,3.289114069,31.43230128,0.003336011,0.0008556,0.07686238,4000,-110,25.14762781,100.9,50,0.0009424,91,0.000117246,1,3.085494205,0.000183281,88000,-15.496,1929,42.16,25.14762781,21,135.4098667,2,0,0,36.11904762,89.88333333,4000,4000,0.000496062,8000,176000,0.000469145,-15.292,-0.204,-15.292,42.16,42.16,88000,88000,4000,0,70405,7676000,168752000,5400064,4000,245632,0.0,1,70405,7.492329121,22,5e-05,0.025,6.724294186,-0.035844479,0.176803946,5400064,0.538317382,0,0.008231927,128,245632,171.1053772,7.456690788,9.9e-06,9.75e-06,0.0002811,1.51e-05,3.02e-05,2.88e-05,0.0002412,7.85e-05,0.59594856,6.97e-05,0.000239213,3.59e-05,2.05e-06,4.54e-06,1.31e-05,4.61e-05,0.000104029,4.6e-05,2.25e-05,5.74e-06,5.96e-06,0.000163319,1.05e-05,2.18e-05,0.010474841,1.06e-05,3.66e-05,0.020114521,0.001867138,0.022995651,0.092620729,0.273243683,0.174064948
1,92000,129.623091,False,23,d8504_00000,2025-06-04_22-17-39,1749068259,30.83004165,1325.018631,31952,GoonStation,127.0.0.1,1325.018631,23,34.68776374,1.72e-05,34.68750991,3.293239532,31.38913754,0.003327633,0.0008556,0.082172388,4000,-110,25.12718658,98.9,50,0.0009424,89,0.000117365,1,3.08850354,0.000183454,92000,-23.066,2018,47.06,25.12718658,22,129.623091,2,0,0,44.23953488,90.44418605,4000,4000,0.00049694,8000,184000,0.000470275,-8.82,-14.246,-8.82,47.06,47.06,92000,92000,4000,0,70405,7672000,176424000,5645568,4000,245504,0.0,1,70405,7.170147419,23,5e-05,0.025,3.017349958,-0.106632009,0.166424155,5645568,0.509675741,0,0.010247686,128,245504,185.4282684,7.063771725,9.9e-06,9.75e-06,0.0002811,1.51e-05,3.02e-05,2.88e-05,0.0002412,7.85e-05,0.595878438,6.98e-05,0.0002394,3.6e-05,2.05e-06,4.56e-06,1.31e-05,4.62e-05,0.000104353,4.6e-05,2.26e-05,5.75e-06,5.97e-06,0.000163706,1.05e-05,2.18e-05,0.010471976,1.06e-05,3.65e-05,0.020124958,0.001867971,0.022955562,0.092483703,0.273295737,0.174111879
1,96000,133.3969236,False,24,d8504_00000,2025-06-04_22-18-09,1749068289,29.95816207,1354.976793,31952,GoonStation,127.0.0.1,1354.976793,24,34.6403974,1.71e-05,34.64014319,3.298424925,31.33659089,0.003321351,0.0008556,0.080053064,4000,-110,25.09903072,100.9,50,0.0009424,89,0.000117341,1,3.091554538,0.000183436,96000,-10.43,2107,45.1,25.09903072,23,133.3969236,2,0,0,38.31860465,92.88139535,4000,4000,0.000497387,8000,192000,0.000471376,-6.006,-4.424,-6.006,45.1,45.1,96000,96000,4000,0,70405,7672000,184096000,5891072,4000,245504,0.0,1,70405,6.490599632,24,5e-05,0.0125,2.963119507,0.072932459,0.185486495,5891072,0.496215701,0,0.003583399,128,245504,233.326004,6.563621998,9.9e-06,9.75e-06,0.0002811,1.51e-05,3.02e-05,2.88e-05,0.0002412,7.85e-05,0.595804166,6.99e-05,0.000239325,3.61e-05,2.06e-06,4.57e-06,1.31e-05,4.63e-05,0.000104642,4.6e-05,2.26e-05,5.77e-06,5.98e-06,0.000164067,1.05e-05,2.19e-05,0.010469136,1.06e-05,3.65e-05,0.020135452,0.001868798,0.02291409,0.092341673,0.273349262,0.174159521
1,100000,113.3333701,True,25,d8504_00000,2025-06-04_22-18-45,1749068325,35.26745176,1390.244244,31952,GoonStation,127.0.0.1,1390.244244,25,34.64656872,1.71e-05,34.64631302,3.306853573,31.33433797,0.00331371,0.0008556,0.100319928,4000,-110,25.06875251,100.9,50,0.0009424,86,0.000118034,1,3.09471083,0.000185202,100000,-11.248,2193,46.08,25.06875251,24,113.3333701,2,0,0,48.15306122,90.47346939,4000,4000,0.000500847,8000,200000,0.000474777,-5.04,-6.208,-5.04,46.08,46.08,100000,100000,4000,0,70405,7668000,191764000,6136448,4000,245376,0.0,1,70405,6.249800682,25,5e-05,0.0125,4.006649971,0.039685357,0.143124819,6136448,0.464276016,0,0.00719016,128,245376,241.9325104,6.289575577,9.9e-06,9.75e-06,0.0002811,1.51e-05,3.02e-05,2.88e-05,0.0002412,7.85e-05,0.595732402,7.04e-05,0.000241068,3.63e-05,2.07e-06,4.6e-06,1.32e-05,4.66e-05,0.000105368,4.64e-05,2.28e-05,5.81e-06,6.02e-06,0.000165289,1.06e-05,2.21e-05,0.010466202,1.06e-05,3.65e-05,0.02014793,0.00186962,0.022871287,0.092195119,0.273406528,0.174209911
1,100000,113.3333701,True,25,d8504_00000,2025-06-04_22-18-45,1749068325,35.26745176,1390.244244,31952,GoonStation,127.0.0.1,1390.244244,25,34.64656872,1.71e-05,34.64631302,3.306853573,31.33433797,0.00331371,0.0008556,0.100319928,4000,-110,25.06875251,100.9,50,0.0009424,86,0.000118034,1,3.09471083,0.000185202,100000,-9.483947654032335,2193,46.08,25.06875251,24,113.3333701,2,0,0,48.15306122,90.47346939,4000,4000,0.000500847,8000,200000,0.000474777,-5.04,-6.208,-5.04,46.08,46.08,100000,100000,4000,0,70405,7668000,191764000,6136448,4000,245376,0.0,1,70405,6.249800682,25,5e-05,0.0125,4.006649971,0.039685357,0.143124819,6136448,0.464276016,0,0.00719016,128,245376,241.9325104,6.289575577,9.9e-06,9.75e-06,0.0002811,1.51e-05,3.02e-05,2.88e-05,0.0002412,7.85e-05,0.595732402,7.04e-05,0.000241068,3.63e-05,2.07e-06,4.6e-06,1.32e-05,4.66e-05,0.000105368,4.64e-05,2.28e-05,5.81e-06,6.02e-06,0.000165289,1.06e-05,2.21e-05,0.010466202,1.06e-05,3.65e-05,0.02014793,0.00186962,0.022871287,0.092195119,0.273406528,0.174209911
1,100000,113.3333701,True,25,d8504_00000,2025-06-04_22-18-45,1749068325,35.26745176,1390.244244,31952,GoonStation,127.0.0.1,1390.244244,25,34.64656872,1.71e-05,34.64631302,3.306853573,31.33433797,0.00331371,0.0008556,0.100319928,4000,-110,25.06875251,100.9,50,0.0009424,86,0.000118034,1,3.09471083,0.000185202,100000,-9.083790445665112,2193,46.08,25.06875251,24,113.3333701,2,0,0,48.15306122,90.47346939,4000,4000,0.000500847,8000,200000,0.000474777,-5.04,-6.208,-5.04,46.08,46.08,100000,100000,4000,0,70405,7668000,191764000,6136448,4000,245376,0.0,1,70405,6.249800682,25,5e-05,0.0125,4.006649971,0.039685357,0.143124819,6136448,0.464276016,0,0.00719016,128,245376,241.9325104,6.289575577,9.9e-06,9.75e-06,0.0002811,1.51e-05,3.02e-05,2.88e-05,0.0002412,7.85e-05,0.595732402,7.04e-05,0.000241068,3.63e-05,2.07e-06,4.6e-06,1.32e-05,4.66e-05,0.000105368,4.64e-05,2.28e-05,5.81e-06,6.02e-06,0.000165289,1.06e-05,2.21e-05,0.010466202,1.06e-05,3.65e-05,0.02014793,0.00186962,0.022871287,0.092195119,0.273406528,0.174209911
1,100000,113.3333701,True,25,d8504_00000,2025-06-04_22-18-45,1749068325,35.26745176,1390.244244,31952,GoonStation,127.0.0.1,1390.244244,25,34.64656872,1.71e-05,34.64631302,3.306853573,31.33433797,0.00331371,0.0008556,0.100319928,4000,-110,25.06875251,100.9,50,0.0009424,86,0.000118034,1,3.09471083,0.000185202,100000,-8.105052461559373,2193,46.08,25.06875251,24,113.3333701,2,0,0,48.15306122,90.47346939,4000,4000,0.000500847,8000,200000,0.000474777,-5.04,-6.208,-5.04,46.08,46.08,100000,100000,4000,0,70405,7668000,191764000,6136448,4000,245376,0.0,1,70405,6.249800682,25,5e-05,0.0125,4.006649971,0.039685357,0.143124819,6136448,0.464276016,0,0.00719016,128,245376,241.9325104,6.289575577,9.9e-06,9.75e-06,0.0002811,1.51e-05,3.02e-05,2.88e-05,0.0002412,7.85e-05,0.595732402,7.04e-05,0.000241068,3.63e-05,2.07e-06,4.6e-06,1.32e-05,4.66e-05,0.000105368,4.64e-05,2.28e-05,5.81e-06,6.02e-06,0.000165289,1.06e-05,2.21e-05,0.010466202,1.06e-05,3.65e-05,0.02014793,0.00186962,0.022871287,0.092195119,0.273406528,0.174209911
1,100000,113.3333701,True,25,d8504_00000,2025-06-04_22-18-45,1749068325,35.26745176,1390.244244,31952,GoonStation,127.0.0.1,1390.244244,25,34.64656872,1.71e-05,34.64631302,3.306853573,31.33433797,0.00331371,0.0008556,0.100319928,4000,-110,25.06875251,100.9,50,0.0009424,86,0.000118034,1,3.09471083,0.000185202,100000,-5.864159262357915,2193,46.08,25.06875251,24,113.3333701,2,0,0,48.15306122,90.47346939,4000,4000,0.000500847,8000,200000,0.000474777,-5.04,-6.208,-5.04,46.08,46.08,100000,100000,4000,0,70405,7668000,191764000,6136448,4000,245376,0.0,1,70405,6.249800682,25,5e-05,0.0125,4.006649971,0.039685357,0.143124819,6136448,0.464276016,0,0.00719016,128,245376,241.9325104,6.289575577,9.9e-06,9.75e-06,0.0002811,1.51e-05,3.02e-05,2.88e-05,0.0002412,7.85e-05,0.595732402,7.04e-05,0.000241068,3.63e-05,2.07e-06,4.6e-06,1.32e-05,4.66e-05,0.000105368,4.64e-05,2.28e-05,5.81e-06,6.02e-06,0.000165289,1.06e-05,2.21e-05,0.010466202,1.06e-05,3.65e-05,0.02014793,0.00186962,0.022871287,0.092195119,0.273406528,0.174209911
1,100000,113.3333701,True,25,d8504_00000,2025-06-04_22-18-45,1749068325,35.26745176,1390.244244,31952,GoonStation,127.0.0.1,1390.244244,25,34.64656872,1.71e-05,34.64631302,3.306853573,31.33433797,0.00331371,0.0008556,0.100319928,4000,-110,25.06875251,100.9,50,0.0009424,86,0.000118034,1,3.09471083,0.000185202,100000,-3.996601272207947,2193,46.08,25.06875251,24,113.3333701,2,0,0,48.15306122,90.47346939,4000,4000,0.000500847,8000,200000,0.000474777,-5.04,-6.208,-5.04,46.08,46.08,100000,100000,4000,0,70405,7668000,191764000,6136448,4000,245376,0.0,1,70405,6.249800682,25,5e-05,0.0125,4.006649971,0.039685357,0.143124819,6136448,0.464276016,0,0.00719016,128,245376,241.9325104,6.289575577,9.9e-06,9.75e-06,0.0002811,1.51e-05,3.02e-05,2.88e-05,0.0002412,7.85e-05,0.595732402,7.04e-05,0.000241068,3.63e-05,2.07e-06,4.6e-06,1.32e-05,4.66e-05,0.000105368,4.64e-05,2.28e-05,5.81e-06,6.02e-06,0.000165289,1.06e-05,2.21e-05,0.010466202,1.06e-05,3.65e-05,0.02014793,0.00186962,0.022871287,0.092195119,0.273406528,0.174209911
1,100000,113.3333701,True,25,d8504_00000,2025-06-04_22-18-45,1749068325,35.26745176,1390.244244,31952,GoonStation,127.0.0.1,1390.244244,25,34.64656872,1.71e-05,34.64631302,3.306853573,31.33433797,0.00331371,0.0008556,0.100319928,4000,-110,25.06875251,100.9,50,0.0009424,86,0.000118034,1,3.09471083,0.000185202,100000,-4.973879152084358,2193,46.08,25.06875251,24,113.3333701,2,0,0,48.15306122,90.47346939,4000,4000,0.000500847,8000,200000,0.000474777,-5.04,-6.208,-5.04,46.08,46.08,100000,100000,4000,0,70405,7668000,191764000,6136448,4000,245376,0.0,1,70405,6.249800682,25,5e-05,0.0125,4.006649971,0.039685357,0.143124819,6136448,0.464276016,0,0.00719016,128,245376,241.9325104,6.289575577,9.9e-06,9.75e-06,0.0002811,1.51e-05,3.02e-05,2.88e-05,0.0002412,7.85e-05,0.595732402,7.04e-05,0.000241068,3.63e-05,2.07e-06,4.6e-06,1.32e-05,4.66e-05,0.000105368,4.64e-05,2.28e-05,5.81e-06,6.02e-06,0.000165289,1.06e-05,2.21e-05,0.010466202,1.06e-05,3.65e-05,0.02014793,0.00186962,0.022871287,0.092195119,0.273406528,0.174209911
1,100000,113.3333701,True,25,d8504_00000,2025-06-04_22-18-45,1749068325,35.26745176,1390.244244,31952,GoonStation,127.0.0.1,1390.244244,25,34.64656872,1.71e-05,34.64631302,3.306853573,31.33433797,0.00331371,0.0008556,0.100319928,4000,-110,25.06875251,100.9,50,0.0009424,86,0.000118034,1,3.09471083,0.000185202,100000,-4.0237907345587685,2193,46.08,25.06875251,24,113.3333701,2,0,0,48.15306122,90.47346939,4000,4000,0.000500847,8000,200000,0.000474777,-5.04,-6.208,-5.04,46.08,46.08,100000,100000,4000,0,70405,7668000,191764000,6136448,4000,245376,0.0,1,70405,6.249800682,25,5e-05,0.0125,4.006649971,0.039685357,0.143124819,6136448,0.464276016,0,0.00719016,128,245376,241.9325104,6.289575577,9.9e-06,9.75e-06,0.0002811,1.51e-05,3.02e-05,2.88e-05,0.0002412,7.85e-05,0.595732402,7.04e-05,0.000241068,3.63e-05,2.07e-06,4.6e-06,1.32e-05,4.66e-05,0.000105368,4.64e-05,2.28e-05,5.81e-06,6.02e-06,0.000165289,1.06e-05,2.21e-05,0.010466202,1.06e-05,3.65e-05,0.02014793,0.00186962,0.022871287,0.092195119,0.273406528,0.174209911
1,100000,113.3333701,True,25,d8504_00000,2025-06-04_22-18-45,1749068325,35.26745176,1390.244244,31952,GoonStation,127.0.0.1,1390.244244,25,34.64656872,1.71e-05,34.64631302,3.306853573,31.33433797,0.00331371,0.0008556,0.100319928,4000,-110,25.06875251,100.9,50,0.0009424,86,0.000118034,1,3.09471083,0.000185202,100000,-4.175147942856467,2193,46.08,25.06875251,24,113.3333701,2,0,0,48.15306122,90.47346939,4000,4000,0.000500847,8000,200000,0.000474777,-5.04,-6.208,-5.04,46.08,46.08,100000,100000,4000,0,70405,7668000,191764000,6136448,4000,245376,0.0,1,70405,6.249800682,25,5e-05,0.0125,4.006649971,0.039685357,0.143124819,6136448,0.464276016,0,0.00719016,128,245376,241.9325104,6.289575577,9.9e-06,9.75e-06,0.0002811,1.51e-05,3.02e-05,2.88e-05,0.0002412,7.85e-05,0.595732402,7.04e-05,0.000241068,3.63e-05,2.07e-06,4.6e-06,1.32e-05,4.66e-05,0.000105368,4.64e-05,2.28e-05,5.81e-06,6.02e-06,0.000165289,1.06e-05,2.21e-05,0.010466202,1.06e-05,3.65e-05,0.02014793,0.00186962,0.022871287,0.092195119,0.273406528,0.174209911
1,100000,113.3333701,True,25,d8504_00000,2025-06-04_22-18-45,1749068325,35.26745176,1390.244244,31952,GoonStation,127.0.0.1,1390.244244,25,34.64656872,1.71e-05,34.64631302,3.306853573,31.33433797,0.00331371,0.0008556,0.100319928,4000,-110,25.06875251,100.9,50,0.0009424,86,0.000118034,1,3.09471083,0.000185202,100000,-4.278366794650024,2193,46.08,25.06875251,24,113.3333701,2,0,0,48.15306122,90.47346939,4000,4000,0.000500847,8000,200000,0.000474777,-5.04,-6.208,-5.04,46.08,46.08,100000,100000,4000,0,70405,7668000,191764000,6136448,4000,245376,0.0,1,70405,6.249800682,25,5e-05,0.0125,4.006649971,0.039685357,0.143124819,6136448,0.464276016,0,0.00719016,128,245376,241.9325104,6.289575577,9.9e-06,9.75e-06,0.0002811,1.51e-05,3.02e-05,2.88e-05,0.0002412,7.85e-05,0.595732402,7.04e-05,0.000241068,3.63e-05,2.07e-06,4.6e-06,1.32e-05,4.66e-05,0.000105368,4.64e-05,2.28e-05,5.81e-06,6.02e-06,0.000165289,1.06e-05,2.21e-05,0.010466202,1.06e-05,3.65e-05,0.02014793,0.00186962,0.022871287,0.092195119,0.273406528,0.174209911
1,100000,113.3333701,True,25,d8504_00000,2025-06-04_22-18-45,1749068325,35.26745176,1390.244244,31952,GoonStation,127.0.0.1,1390.244244,25,34.64656872,1.71e-05,34.64631302,3.306853573,31.33433797,0.00331371,0.0008556,0.100319928,4000,-110,25.06875251,100.9,50,0.0009424,86,0.000118034,1,3.09471083,0.000185202,100000,-3.867768292711652,2193,46.08,25.06875251,24,113.3333701,2,0,0,48.15306122,90.47346939,4000,4000,0.000500847,8000,200000,0.000474777,-5.04,-6.208,-5.04,46.08,46.08,100000,100000,4000,0,70405,7668000,191764000,6136448,4000,245376,0.0,1,70405,6.249800682,25,5e-05,0.0125,4.006649971,0.039685357,0.143124819,6136448,0.464276016,0,0.00719016,128,245376,241.9325104,6.289575577,9.9e-06,9.75e-06,0.0002811,1.51e-05,3.02e-05,2.88e-05,0.0002412,7.85e-05,0.595732402,7.04e-05,0.000241068,3.63e-05,2.07e-06,4.6e-06,1.32e-05,4.66e-05,0.000105368,4.64e-05,2.28e-05,5.81e-06,6.02e-06,0.000165289,1.06e-05,2.21e-05,0.010466202,1.06e-05,3.65e-05,0.02014793,0.00186962,0.022871287,0.092195119,0.273406528,0.174209911
1,100000,113.3333701,True,25,d8504_00000,2025-06-04_22-18-45,1749068325,35.26745176,1390.244244,31952,GoonStation,127.0.0.1,1390.244244,25,34.64656872,1.71e-05,34.64631302,3.306853573,31.33433797,0.00331371,0.0008556,0.100319928,4000,-110,25.06875251,100.9,50,0.0009424,86,0.000118034,1,3.09471083,0.000185202,100000,-3.7237247215507745,2193,46.08,25.06875251,24,113.3333701,2,0,0,48.15306122,90.47346939,4000,4000,0.000500847,8000,200000,0.000474777,-5.04,-6.208,-5.04,46.08,46.08,100000,100000,4000,0,70405,7668000,191764000,6136448,4000,245376,0.0,1,70405,6.249800682,25,5e-05,0.0125,4.006649971,0.039685357,0.143124819,6136448,0.464276016,0,0.00719016,128,245376,241.9325104,6.289575577,9.9e-06,9.75e-06,0.0002811,1.51e-05,3.02e-05,2.88e-05,0.0002412,7.85e-05,0.595732402,7.04e-05,0.000241068,3.63e-05,2.07e-06,4.6e-06,1.32e-05,4.66e-05,0.000105368,4.64e-05,2.28e-05,5.81e-06,6.02e-06,0.000165289,1.06e-05,2.21e-05,0.010466202,1.06e-05,3.65e-05,0.02014793,0.00186962,0.022871287,0.092195119,0.273406528,0.174209911
1,100000,113.3333701,True,25,d8504_00000,2025-06-04_22-18-45,1749068325,35.26745176,1390.244244,31952,GoonStation,127.0.0.1,1390.244244,25,34.64656872,1.71e-05,34.64631302,3.306853573,31.33433797,0.00331371,0.0008556,0.100319928,4000,-110,25.06875251,100.9,50,0.0009424,86,0.000118034,1,3.09471083,0.000185202,100000,-2.2694512145878,2193,46.08,25.06875251,24,113.3333701,2,0,0,48.15306122,90.47346939,4000,4000,0.000500847,8000,200000,0.000474777,-5.04,-6.208,-5.04,46.08,46.08,100000,100000,4000,0,70405,7668000,191764000,6136448,4000,245376,0.0,1,70405,6.249800682,25,5e-05,0.0125,4.006649971,0.039685357,0.143124819,6136448,0.464276016,0,0.00719016,128,245376,241.9325104,6.289575577,9.9e-06,9.75e-06,0.0002811,1.51e-05,3.02e-05,2.88e-05,0.0002412,7.85e-05,0.595732402,7.04e-05,0.000241068,3.63e-05,2.07e-06,4.6e-06,1.32e-05,4.66e-05,0.000105368,4.64e-05,2.28e-05,5.81e-06,6.02e-06,0.000165289,1.06e-05,2.21e-05,0.010466202,1.06e-05,3.65e-05,0.02014793,0.00186962,0.022871287,0.092195119,0.273406528,0.174209911
1,100000,113.3333701,True,25,d8504_00000,2025-06-04_22-18-45,1749068325,35.26745176,1390.244244,31952,GoonStation,127.0.0.1,1390.244244,25,34.64656872,1.71e-05,34.64631302,3.306853573,31.33433797,0.00331371,0.0008556,0.100319928,4000,-110,25.06875251,100.9,50,0.0009424,86,0.000118034,1,3.09471083,0.000185202,100000,-1.508413489440807,2193,46.08,25.06875251,24,113.3333701,2,0,0,48.15306122,90.47346939,4000,4000,0.000500847,8000,200000,0.000474777,-5.04,-6.208,-5.04,46.08,46.08,100000,100000,4000,0,70405,7668000,191764000,6136448,4000,245376,0.0,1,70405,6.249800682,25,5e-05,0.0125,4.006649971,0.039685357,0.143124819,6136448,0.464276016,0,0.00719016,128,245376,241.9325104,6.289575577,9.9e-06,9.75e-06,0.0002811,1.51e-05,3.02e-05,2.88e-05,0.0002412,7.85e-05,0.595732402,7.04e-05,0.000241068,3.63e-05,2.07e-06,4.6e-06,1.32e-05,4.66e-05,0.000105368,4.64e-05,2.28e-05,5.81e-06,6.02e-06,0.000165289,1.06e-05,2.21e-05,0.010466202,1.06e-05,3.65e-05,0.02014793,0.00186962,0.022871287,0.092195119,0.273406528,0.174209911
1,100000,113.3333701,True,25,d8504_00000,2025-06-04_22-18-45,1749068325,35.26745176,1390.244244,31952,GoonStation,127.0.0.1,1390.244244,25,34.64656872,1.71e-05,34.64631302,3.306853573,31.33433797,0.00331371,0.0008556,0.100319928,4000,-110,25.06875251,100.9,50,0.0009424,86,0.000118034,1,3.09471083,0.000185202,100000,-1.3867384729479788,2193,46.08,25.06875251,24,113.3333701,2,0,0,48.15306122,90.47346939,4000,4000,0.000500847,8000,200000,0.000474777,-5.04,-6.208,-5.04,46.08,46.08,100000,100000,4000,0,70405,7668000,191764000,6136448,4000,245376,0.0,1,70405,6.249800682,25,5e-05,0.0125,4.006649971,0.039685357,0.143124819,6136448,0.464276016,0,0.00719016,128,245376,241.9325104,6.289575577,9.9e-06,9.75e-06,0.0002811,1.51e-05,3.02e-05,2.88e-05,0.0002412,7.85e-05,0.595732402,7.04e-05,0.000241068,3.63e-05,2.07e-06,4.6e-06,1.32e-05,4.66e-05,0.000105368,4.64e-05,2.28e-05,5.81e-06,6.02e-06,0.000165289,1.06e-05,2.21e-05,0.010466202,1.06e-05,3.65e-05,0.02014793,0.00186962,0.022871287,0.092195119,0.273406528,0.174209911
1,100000,113.3333701,True,25,d8504_00000,2025-06-04_22-18-45,1749068325,35.26745176,1390.244244,31952,GoonStation,127.0.0.1,1390.244244,25,34.64656872,1.71e-05,34.64631302,3.306853573,31.33433797,0.00331371,0.0008556,0.100319928,4000,-110,25.06875251,100.9,50,0.0009424,86,0.000118034,1,3.09471083,0.000185202,100000,-0.9428752402025538,2193,46.08,25.06875251,24,113.3333701,2,0,0,48.15306122,90.47346939,4000,4000,0.000500847,8000,200000,0.000474777,-5.04,-6.208,-5.04,46.08,46.08,100000,100000,4000,0,70405,7668000,191764000,6136448,4000,245376,0.0,1,70405,6.249800682,25,5e-05,0.0125,4.006649971,0.039685357,0.143124819,6136448,0.464276016,0,0.00719016,128,245376,241.9325104,6.289575577,9.9e-06,9.75e-06,0.0002811,1.51e-05,3.02e-05,2.88e-05,0.0002412,7.85e-05,0.595732402,7.04e-05,0.000241068,3.63e-05,2.07e-06,4.6e-06,1.32e-05,4.66e-05,0.000105368,4.64e-05,2.28e-05,5.81e-06,6.02e-06,0.000165289,1.06e-05,2.21e-05,0.010466202,1.06e-05,3.65e-05,0.02014793,0.00186962,0.022871287,0.092195119,0.273406528,0.174209911
1,100000,113.3333701,True,25,d8504_00000,2025-06-04_22-18-45,1749068325,35.26745176,1390.244244,31952,GoonStation,127.0.0.1,1390.244244,25,34.64656872,1.71e-05,34.64631302,3.306853573,31.33433797,0.00331371,0.0008556,0.100319928,4000,-110,25.06875251,100.9,50,0.0009424,86,0.000118034,1,3.09471083,0.000185202,100000,-0.6092009128282871,2193,46.08,25.06875251,24,113.3333701,2,0,0,48.15306122,90.47346939,4000,4000,0.000500847,8000,200000,0.000474777,-5.04,-6.208,-5.04,46.08,46.08,100000,100000,4000,0,70405,7668000,191764000,6136448,4000,245376,0.0,1,70405,6.249800682,25,5e-05,0.0125,4.006649971,0.039685357,0.143124819,6136448,0.464276016,0,0.00719016,128,245376,241.9325104,6.289575577,9.9e-06,9.75e-06,0.0002811,1.51e-05,3.02e-05,2.88e-05,0.0002412,7.85e-05,0.595732402,7.04e-05,0.000241068,3.63e-05,2.07e-06,4.6e-06,1.32e-05,4.66e-05,0.000105368,4.64e-05,2.28e-05,5.81e-06,6.02e-06,0.000165289,1.06e-05,2.21e-05,0.010466202,1.06e-05,3.65e-05,0.02014793,0.00186962,0.022871287,0.092195119,0.273406528,0.174209911
1,100000,113.3333701,True,25,d8504_00000,2025-06-04_22-18-45,1749068325,35.26745176,1390.244244,31952,GoonStation,127.0.0.1,1390.244244,25,34.64656872,1.71e-05,34.64631302,3.306853573,31.33433797,0.00331371,0.0008556,0.100319928,4000,-110,25.06875251,100.9,50,0.0009424,86,0.000118034,1,3.09471083,0.000185202,100000,0.8848781603293183,2193,46.08,25.06875251,24,113.3333701,2,0,0,48.15306122,90.47346939,4000,4000,0.000500847,8000,200000,0.000474777,-5.04,-6.208,-5.04,46.08,46.08,100000,100000,4000,0,70405,7668000,191764000,6136448,4000,245376,0.0,1,70405,6.249800682,25,5e-05,0.0125,4.006649971,0.039685357,0.143124819,6136448,0.464276016,0,0.00719016,128,245376,241.9325104,6.289575577,9.9e-06,9.75e-06,0.0002811,1.51e-05,3.02e-05,2.88e-05,0.0002412,7.85e-05,0.595732402,7.04e-05,0.000241068,3.63e-05,2.07e-06,4.6e-06,1.32e-05,4.66e-05,0.000105368,4.64e-05,2.28e-05,5.81e-06,6.02e-06,0.000165289,1.06e-05,2.21e-05,0.010466202,1.06e-05,3.65e-05,0.02014793,0.00186962,0.022871287,0.092195119,0.273406528,0.174209911
1,100000,113.3333701,True,25,d8504_00000,2025-06-04_22-18-45,1749068325,35.26745176,1390.244244,31952,GoonStation,127.0.0.1,1390.244244,25,34.64656872,1.71e-05,34.64631302,3.306853573,31.33433797,0.00331371,0.0008556,0.100319928,4000,-110,25.06875251,100.9,50,0.0009424,86,0.000118034,1,3.09471083,0.000185202,100000,0.6797198965635172,2193,46.08,25.06875251,24,113.3333701,2,0,0,48.15306122,90.47346939,4000,4000,0.000500847,8000,200000,0.000474777,-5.04,-6.208,-5.04,46.08,46.08,100000,100000,4000,0,70405,7668000,191764000,6136448,4000,245376,0.0,1,70405,6.249800682,25,5e-05,0.0125,4.006649971,0.039685357,0.143124819,6136448,0.464276016,0,0.00719016,128,245376,241.9325104,6.289575577,9.9e-06,9.75e-06,0.0002811,1.51e-05,3.02e-05,2.88e-05,0.0002412,7.85e-05,0.595732402,7.04e-05,0.000241068,3.63e-05,2.07e-06,4.6e-06,1.32e-05,4.66e-05,0.000105368,4.64e-05,2.28e-05,5.81e-06,6.02e-06,0.000165289,1.06e-05,2.21e-05,0.010466202,1.06e-05,3.65e-05,0.02014793,0.00186962,0.022871287,0.092195119,0.273406528,0.174209911
1,100000,113.3333701,True,25,d8504_00000,2025-06-04_22-18-45,1749068325,35.26745176,1390.244244,31952,GoonStation,127.0.0.1,1390.244244,25,34.64656872,1.71e-05,34.64631302,3.306853573,31.33433797,0.00331371,0.0008556,0.100319928,4000,-110,25.06875251,100.9,50,0.0009424,86,0.000118034,1,3.09471083,0.000185202,100000,0.9927875982144183,2193,46.08,25.06875251,24,113.3333701,2,0,0,48.15306122,90.47346939,4000,4000,0.000500847,8000,200000,0.000474777,-5.04,-6.208,-5.04,46.08,46.08,100000,100000,4000,0,70405,7668000,191764000,6136448,4000,245376,0.0,1,70405,6.249800682,25,5e-05,0.0125,4.006649971,0.039685357,0.143124819,6136448,0.464276016,0,0.00719016,128,245376,241.9325104,6.289575577,9.9e-06,9.75e-06,0.0002811,1.51e-05,3.02e-05,2.88e-05,0.0002412,7.85e-05,0.595732402,7.04e-05,0.000241068,3.63e-05,2.07e-06,4.6e-06,1.32e-05,4.66e-05,0.000105368,4.64e-05,2.28e-05,5.81e-06,6.02e-06,0.000165289,1.06e-05,2.21e-05,0.010466202,1.06e-05,3.65e-05,0.02014793,0.00186962,0.022871287,0.092195119,0.273406528,0.174209911
1,100000,113.3333701,True,25,d8504_00000,2025-06-04_22-18-45,1749068325,35.26745176,1390.244244,31952,GoonStation,127.0.0.1,1390.244244,25,34.64656872,1.71e-05,34.64631302,3.306853573,31.33433797,0.00331371,0.0008556,0.100319928,4000,-110,25.06875251,100.9,50,0.0009424,86,0.000118034,1,3.09471083,0.000185202,100000,0.13869185891269353,2193,46.08,25.06875251,24,113.3333701,2,0,0,48.15306122,90.47346939,4000,4000,0.000500847,8000,200000,0.000474777,-5.04,-6.208,-5.04,46.08,46.08,100000,100000,4000,0,70405,7668000,191764000,6136448,4000,245376,0.0,1,70405,6.249800682,25,5e-05,0.0125,4.006649971,0.039685357,0.143124819,6136448,0.464276016,0,0.00719016,128,245376,241.9325104,6.289575577,9.9e-06,9.75e-06,0.0002811,1.51e-05,3.02e-05,2.88e-05,0.0002412,7.85e-05,0.595732402,7.04e-05,0.000241068,3.63e-05,2.07e-06,4.6e-06,1.32e-05,4.66e-05,0.000105368,4.64e-05,2.28e-05,5.81e-06,6.02e-06,0.000165289,1.06e-05,2.21e-05,0.010466202,1.06e-05,3.65e-05,0.02014793,0.00186962,0.022871287,0.092195119,0.273406528,0.174209911
1,100000,113.3333701,True,25,d8504_00000,2025-06-04_22-18-45,1749068325,35.26745176,1390.244244,31952,GoonStation,127.0.0.1,1390.244244,25,34.64656872,1.71e-05,34.64631302,3.306853573,31.33433797,0.00331371,0.0008556,0.100319928,4000,-110,25.06875251,100.9,50,0.0009424,86,0.000118034,1,3.09471083,0.000185202,100000,-2.414297956921386,2193,46.08,25.06875251,24,113.3333701,2,0,0,48.15306122,90.47346939,4000,4000,0.000500847,8000,200000,0.000474777,-5.04,-6.208,-5.04,46.08,46.08,100000,100000,4000,0,70405,7668000,191764000,6136448,4000,245376,0.0,1,70405,6.249800682,25,5e-05,0.0125,4.006649971,0.039685357,0.143124819,6136448,0.464276016,0,0.00719016,128,245376,241.9325104,6.289575577,9.9e-06,9.75e-06,0.0002811,1.51e-05,3.02e-05,2.88e-05,0.0002412,7.85e-05,0.595732402,7.04e-05,0.000241068,3.63e-05,2.07e-06,4.6e-06,1.32e-05,4.66e-05,0.000105368,4.64e-05,2.28e-05,5.81e-06,6.02e-06,0.000165289,1.06e-05,2.21e-05,0.010466202,1.06e-05,3.65e-05,0.02014793,0.00186962,0.022871287,0.092195119,0.273406528,0.174209911
1,100000,113.3333701,True,25,d8504_00000,2025-06-04_22-18-45,1749068325,35.26745176,1390.244244,31952,GoonStation,127.0.0.1,1390.244244,25,34.64656872,1.71e-05,34.64631302,3.306853573,31.33433797,0.00331371,0.0008556,0.100319928,4000,-110,25.06875251,100.9,50,0.0009424,86,0.000118034,1,3.09471083,0.000185202,100000,-1.760679361481026,2193,46.08,25.06875251,24,113.3333701,2,0,0,48.15306122,90.47346939,4000,4000,0.000500847,8000,200000,0.000474777,-5.04,-6.208,-5.04,46.08,46.08,100000,100000,4000,0,70405,7668000,191764000,6136448,4000,245376,0.0,1,70405,6.249800682,25,5e-05,0.0125,4.006649971,0.039685357,0.143124819,6136448,0.464276016,0,0.00719016,128,245376,241.9325104,6.289575577,9.9e-06,9.75e-06,0.0002811,1.51e-05,3.02e-05,2.88e-05,0.0002412,7.85e-05,0.595732402,7.04e-05,0.000241068,3.63e-05,2.07e-06,4.6e-06,1.32e-05,4.66e-05,0.000105368,4.64e-05,2.28e-05,5.81e-06,6.02e-06,0.000165289,1.06e-05,2.21e-05,0.010466202,1.06e-05,3.65e-05,0.02014793,0.00186962,0.022871287,0.092195119,0.273406528,0.174209911
1,100000,113.3333701,True,25,d8504_00000,2025-06-04_22-18-45,1749068325,35.26745176,1390.244244,31952,GoonStation,127.0.0.1,1390.244244,25,34.64656872,1.71e-05,34.64631302,3.306853573,31.33433797,0.00331371,0.0008556,0.100319928,4000,-110,25.06875251,100.9,50,0.0009424,86,0.000118034,1,3.09471083,0.000185202,100000,-0.8962431626215199,2193,46.08,25.06875251,24,113.3333701,2,0,0,48.15306122,90.47346939,4000,4000,0.000500847,8000,200000,0.000474777,-5.04,-6.208,-5.04,46.08,46.08,100000,100000,4000,0,70405,7668000,191764000,6136448,4000,245376,0.0,1,70405,6.249800682,25,5e-05,0.0125,4.006649971,0.039685357,0.143124819,6136448,0.464276016,0,0.00719016,128,245376,241.9325104,6.289575577,9.9e-06,9.75e-06,0.0002811,1.51e-05,3.02e-05,2.88e-05,0.0002412,7.85e-05,0.595732402,7.04e-05,0.000241068,3.63e-05,2.07e-06,4.6e-06,1.32e-05,4.66e-05,0.000105368,4.64e-05,2.28e-05,5.81e-06,6.02e-06,0.000165289,1.06e-05,2.21e-05,0.010466202,1.06e-05,3.65e-05,0.02014793,0.00186962,0.022871287,0.092195119,0.273406528,0.174209911
1,100000,113.3333701,True,25,d8504_00000,2025-06-04_22-18-45,1749068325,35.26745176,1390.244244,31952,GoonStation,127.0.0.1,1390.244244,25,34.64656872,1.71e-05,34.64631302,3.306853573,31.33433797,0.00331371,0.0008556,0.100319928,4000,-110,25.06875251,100.9,50,0.0009424,86,0.000118034,1,3.09471083,0.000185202,100000,-1.6384081830279627,2193,46.08,25.06875251,24,113.3333701,2,0,0,48.15306122,90.47346939,4000,4000,0.000500847,8000,200000,0.000474777,-5.04,-6.208,-5.04,46.08,46.08,100000,100000,4000,0,70405,7668000,191764000,6136448,4000,245376,0.0,1,70405,6.249800682,25,5e-05,0.0125,4.006649971,0.039685357,0.143124819,6136448,0.464276016,0,0.00719016,128,245376,241.9325104,6.289575577,9.9e-06,9.75e-06,0.0002811,1.51e-05,3.02e-05,2.88e-05,0.0002412,7.85e-05,0.595732402,7.04e-05,0.000241068,3.63e-05,2.07e-06,4.6e-06,1.32e-05,4.66e-05,0.000105368,4.64e-05,2.28e-05,5.81e-06,6.02e-06,0.000165289,1.06e-05,2.21e-05,0.010466202,1.06e-05,3.65e-05,0.02014793,0.00186962,0.022871287,0.092195119,0.273406528,0.174209911
1,100000,113.3333701,True,25,d8504_00000,2025-06-04_22-18-45,1749068325,35.26745176,1390.244244,31952,GoonStation,127.0.0.1,1390.244244,25,34.64656872,1.71e-05,34.64631302,3.306853573,31.33433797,0.00331371,0.0008556,0.100319928,4000,-110,25.06875251,100.9,50,0.0009424,86,0.000118034,1,3.09471083,0.000185202,100000,0.6313464409596445,2193,46.08,25.06875251,24,113.3333701,2,0,0,48.15306122,90.47346939,4000,4000,0.000500847,8000,200000,0.000474777,-5.04,-6.208,-5.04,46.08,46.08,100000,100000,4000,0,70405,7668000,191764000,6136448,4000,245376,0.0,1,70405,6.249800682,25,5e-05,0.0125,4.006649971,0.039685357,0.143124819,6136448,0.464276016,0,0.00719016,128,245376,241.9325104,6.289575577,9.9e-06,9.75e-06,0.0002811,1.51e-05,3.02e-05,2.88e-05,0.0002412,7.85e-05,0.595732402,7.04e-05,0.000241068,3.63e-05,2.07e-06,4.6e-06,1.32e-05,4.66e-05,0.000105368,4.64e-05,2.28e-05,5.81e-06,6.02e-06,0.000165289,1.06e-05,2.21e-05,0.010466202,1.06e-05,3.65e-05,0.02014793,0.00186962,0.022871287,0.092195119,0.273406528,0.174209911
